id,title,caption,alt,then_file,now_file
hero-01-old-parents,Old Parents Portrait,Bring the faces that raised you back to life.,Restored old Pakistani parents and family portrait,hero-01-old-parents-then.jpg,hero-01-old-parents-now.jpg
hero-02-grandparents,Grandparents Couple,Preserve a lifetime of love for the next generation.,Restored portrait of an elderly Pakistani grandparents couple,hero-02-grandparents-then.jpg,hero-02-grandparents-now.jpg
hero-03-wedding-memory,Wedding Memory,Relive the day your family story began.,Restored vintage Pakistani wedding portrait,hero-03-wedding-memory-then.jpg,hero-03-wedding-memory-now.jpg
hero-04-childhood-siblings,Childhood Siblings,Bring childhood memories back with every little detail.,Restored childhood sibling portrait in a Pakistani home setting,hero-04-childhood-siblings-then.jpg,hero-04-childhood-siblings-now.jpg
hero-05-large-family,Large Family Group,Bring generations together in one clear family memory.,Restored large multi generation Pakistani family portrait,hero-05-large-family-then.jpg,hero-05-large-family-now.jpg
hero-06-army-officer,Army Officer Portrait,Honor a lifetime of service with a portrait worth preserving.,Restored vintage Pakistani army officer portrait,hero-06-army-officer-then.jpg,hero-06-army-officer-now.jpg
hero-07-village-family,Village Family Outside Mud House,Preserve the people and the home your memories came from.,Restored Pakistani village family outside a traditional mud home,hero-07-village-family-then.jpg,hero-07-village-family-now.jpg
hero-08-old-city-bazaar,Old City and Bazaar Memory,"Restore the streets, markets and moments that shaped a lifetime.",Restored historic Pakistani city bazaar street memory,hero-08-old-city-bazaar-then.jpg,hero-08-old-city-bazaar-now.jpg
hero-09-migration-railway,Migration and Railway Memory,Keep your family's journey alive for generations.,Restored Pakistani family railway journey and migration memory,hero-09-migration-railway-then.jpg,hero-09-migration-railway-now.jpg
hero-10-loved-one,Loved One Memorial Portrait,"Keep their memory close, clear and respectfully preserved.",Restored memorial portrait of a Pakistani man,hero-10-loved-one-then.jpg,hero-10-loved-one-now.jpg
